Accuracy,F1,Precision,Recall,TN,FP,FN,TP
0.9711785898095728,0.6666666666666667,0.6021505376344086,0.7466666666666667,1831.0,37.0,19.0,56.0
